{
  "accuracy": [
    0.8146597146987915,
    0.9167539477348328,
    0.926701545715332,
    0.9298429489135742,
    0.9429319500923157,
    0.9523560404777527,
    0.9560209512710571,
    0.9502617716789246,
    0.9664921760559082,
    0.8638743162155151,
    0.9020942449569702,
    0.9172775149345398,
    0.917801022529602
  ],
  "loss": [
    0.5405453443527222,
    0.2476942390203476,
    0.21673741936683655,
    0.19189342856407166,
    0.1708725541830063,
    0.13111752271652222,
    0.11374449729919434,
    0.1280522644519806,
    0.09607983380556107,
    0.3714072108268738,
    0.2710249125957489,
    0.23755109310150146,
    0.21612203121185303
  ],
  "val_accuracy": [
    0.913241982460022,
    0.8926940560340881,
    0.9200913310050964,
    0.9155251383781433,
    0.922374427318573,
    0.9041095972061157,
    0.9155251383781433,
    0.9178082346916199,
    0.922374427318573,
    0.9086757898330688,
    0.8812785148620605,
    0.8812785148620605,
    0.8835616707801819
  ],
  "val_loss": [
    0.21592244505882263,
    0.26386335492134094,
    0.20254147052764893,
    0.21976493299007416,
    0.19482040405273438,
    0.25863686203956604,
    0.20754921436309814,
    0.2292519211769104,
    0.2219701111316681,
    0.2561320662498474,
    0.3698050081729889,
    0.3667638897895813,
    0.3913126587867737
  ],
  "learning_rate": [
    0.0010000000474974513,
    0.0010000000474974513,
    0.0010000000474974513,
    0.0010000000474974513,
    0.0010000000474974513,
    0.0010000000474974513,
    0.0010000000474974513,
    0.0005000000237487257,
    0.0005000000237487257,
    9.999999747378752e-06,
    9.999999747378752e-06,
    4.999999873689376e-06,
    4.999999873689376e-06
  ]
}